checked_date,region,location,standard_storage_usd_per_gb_month,outbound_first_paid_tier_usd_per_gb,storage_effective_date,outbound_effective_date,storage_sku,outbound_sku
2026-09-21,ca-central-1,Canada (Central),0.1000000000,0.0900000000,2025-11-01T00:00:00Z,2026-06-01T00:00:00Z,VSZPCWUB2F3ZNWHT,CXWFSAS9ETSMBH2Y
2026-09-21,ca-west-1,Canada West (Calgary),0.1000000000,0.0900000000,2025-11-01T00:00:00Z,2026-06-01T00:00:00Z,RFD2FWC3R2B97CMV,XYEEZU9NCKCCQ5EY
2026-09-21,eu-central-1,EU (Frankfurt),0.1000000000,0.0900000000,2025-11-01T00:00:00Z,2026-06-01T00:00:00Z,KPPKF422KZMGD8DQ,F62Y6TKR8NC6Q2ZB
2026-09-21,eu-central-2,Europe (Zurich),0.1000000000,0.0900000000,2025-11-01T00:00:00Z,2026-06-01T00:00:00Z,FGEQBZF5UPTC9FU2,Z9CN5NK3WCBZ5KEP
2026-09-21,eu-north-1,EU (Stockholm),0.1000000000,0.0900000000,2025-11-01T00:00:00Z,2026-06-01T00:00:00Z,YZ2F5ZZ8QJ8MVBSF,DRTM7T5YA7E492Z3
2026-09-21,eu-south-1,EU (Milan),0.1000000000,0.0900000000,2025-11-01T00:00:00Z,2026-06-01T00:00:00Z,8TWDRJPYG9CGHZEN,QEYS8NHYJ5TRWRWZ
2026-09-21,eu-south-2,Europe (Spain),0.1000000000,0.0900000000,2025-11-01T00:00:00Z,2026-06-01T00:00:00Z,29AGJ4R54J9EFSMR,ECTP3BJUBCHZH4H7
2026-09-21,eu-west-1,EU (Ireland),0.1000000000,0.0900000000,2025-11-01T00:00:00Z,2026-06-01T00:00:00Z,4NWTEXUZBWQH8MDW,FSEU4E6BRE95JTX8
2026-09-21,eu-west-2,EU (London),0.1000000000,0.0900000000,2025-11-01T00:00:00Z,2026-06-01T00:00:00Z,UKHV3Q6MJGAMQ6WM,QZ73H5RGR5JYYB4D
2026-09-21,eu-west-3,EU (Paris),0.1000000000,0.0900000000,2025-11-01T00:00:00Z,2026-06-01T00:00:00Z,TUZFZPEXJNDK38FJ,67T8V33BFQ7AUKD8
2026-09-21,mx-central-1,Mexico (Central),0.1000000000,0.0900000000,2025-11-01T00:00:00Z,2026-06-01T00:00:00Z,RJW9PMGJ3TTYCSC4,6XEKAD627QFRWFAN
2026-09-21,us-east-1,US East (N. Virginia),0.1000000000,0.0900000000,2025-11-01T00:00:00Z,2026-06-01T00:00:00Z,KJC988R4J65BDMTQ,HQEH3ZWJVT46JHRG
2026-09-21,us-east-2,US East (Ohio),0.1000000000,0.0900000000,2025-11-01T00:00:00Z,2026-06-01T00:00:00Z,NA4VZMZUEQGMXP2Y,36H7S3NU9B7S3UT5
2026-09-21,us-west-1,US West (N. California),0.1000000000,0.0900000000,2025-11-01T00:00:00Z,2026-06-01T00:00:00Z,ZHUYZQZ9QKP8UJHE,AHRNA43Y8M88C9BD
2026-09-21,us-west-2,US West (Oregon),0.1000000000,0.0900000000,2025-11-01T00:00:00Z,2026-06-01T00:00:00Z,2BSQ677HKG6WUUKA,5M4327XEUKBBTWAT
2026-09-21,ap-southeast-5,Asia Pacific (Malaysia),0.1000000000,0.1080000000,2025-11-01T00:00:00Z,2026-06-01T00:00:00Z,XGQZNJVMQ3PKRSH5,6J7ZFAB6VQ5YYYQT
2026-09-21,ap-southeast-7,Asia Pacific (Thailand),0.1000000000,0.1080000000,2025-11-01T00:00:00Z,2026-06-01T00:00:00Z,YX8FJ8RJW7VJEPVP,AMWSPQUAP2ZAGZ4T
2026-09-21,ap-east-2,Asia Pacific (Taipei),0.1000000000,0.1083000000,2025-11-01T00:00:00Z,2026-06-01T00:00:00Z,S5GBVSJ2WZU5YCJM,XGDSGND6MUTT3U74
2026-09-21,ap-south-1,Asia Pacific (Mumbai),0.1000000000,0.1093000000,2025-11-01T00:00:00Z,2026-06-01T00:00:00Z,WRGBK4S2T45GRPMB,UKQ34C8EAAJUUK8Q
2026-09-21,ap-south-2,Asia Pacific (Hyderabad),0.1000000000,0.1093000000,2025-11-01T00:00:00Z,2026-06-01T00:00:00Z,KVZ275F2XVTR6BUQ,WSS4ANBAWGXGXC34
2026-09-21,il-central-1,Israel (Tel Aviv),0.1000000000,0.1100000000,2025-11-01T00:00:00Z,2026-06-01T00:00:00Z,QQ2HR3Z5EQ89ZTKW,CMEYEEYC485JXPYQ
2026-09-21,me-central-1,Middle East (UAE),0.1000000000,0.1100000000,2025-11-01T00:00:00Z,2026-06-01T00:00:00Z,44EFVQMDGWCGUVP8,6UMEZT4ZXXYHPU5Z
2026-09-21,ap-northeast-1,Asia Pacific (Tokyo),0.1000000000,0.1140000000,2025-11-01T00:00:00Z,2026-06-01T00:00:00Z,R5SQFH8FHUZV8GYE,9ESU2G5WSY6FMZR3
2026-09-21,ap-northeast-3,Asia Pacific (Osaka),0.1000000000,0.1140000000,2025-11-01T00:00:00Z,2026-06-01T00:00:00Z,984F59JTY47PJFK6,DGR6MKFHTAYJ3QHP
2026-09-21,ap-southeast-2,Asia Pacific (Sydney),0.1000000000,0.1140000000,2025-11-01T00:00:00Z,2026-06-01T00:00:00Z,YBDKSSGX2GMZ62JV,KRXM4TG87VW2NPHA
2026-09-21,ap-southeast-4,Asia Pacific (Melbourne),0.1000000000,0.1140000000,2025-11-01T00:00:00Z,2026-06-01T00:00:00Z,B9EWWRYYJU3PSRKE,SHM374E6Z6QUJCK6
2026-09-21,ap-southeast-6,Asia Pacific (New Zealand),0.1000000000,0.1140000000,2025-11-01T00:00:00Z,2026-06-01T00:00:00Z,7G4U2RHSASCSUPZ7,P8W29YK9AEVGT94F
2026-09-21,me-south-1,Middle East (Bahrain),0.1000000000,0.1170000000,2025-11-01T00:00:00Z,2026-06-01T00:00:00Z,NCP7UMFZ2P6MDKQ5,72ZH453U7RKZCGDN
2026-09-21,ap-east-1,Asia Pacific (Hong Kong),0.1000000000,0.1200000000,2025-11-01T00:00:00Z,2026-06-01T00:00:00Z,8FU6X4N6FBXQ74HX,UYN6VMC5ANUD4H6S
2026-09-21,ap-southeast-1,Asia Pacific (Singapore),0.1000000000,0.1200000000,2025-11-01T00:00:00Z,2026-06-01T00:00:00Z,7V2YHG7PQ82BEXNB,SDHP4R7WGBVJPQPY
2026-09-21,ap-northeast-2,Asia Pacific (Seoul),0.1000000000,0.1260000000,2025-11-01T00:00:00Z,2026-06-01T00:00:00Z,FP58BXCX2RHZR3B2,9AS8NERTGECRPGT7
2026-09-21,ap-southeast-3,Asia Pacific (Jakarta),0.1000000000,0.1320000000,2025-11-01T00:00:00Z,2026-06-01T00:00:00Z,WF7JH74F8HUWXTZB,MNNUSPE9NHX4S3B8
2026-09-21,sa-east-1,South America (Sao Paulo),0.1000000000,0.1500000000,2025-11-01T00:00:00Z,2026-06-01T00:00:00Z,YSAK2DW4UV6S5Y7U,QKTPK3975YUWDU3Q
2026-09-21,af-south-1,Africa (Cape Town),0.1000000000,0.1540000000,2025-11-01T00:00:00Z,2026-06-01T00:00:00Z,G86GMZPH5DVR7JCP,TYMC6C8YMFPJS2V8
